Referenzen,Anzahl,Wert,Footprint,Hersteller,Herstellerteilenummer,LCSC,Bestückung,Höhe_mm,Hinweis
J1,1,503480-0600,Molex_503480-0600_Hauptplatine,Molex,503480-0600,,ja,"1,0","FFC/FPC 6-pol., 0,5 mm, Easy-On, Dual Contact (Kabel Typ A und B), Bauhöhe 1,0 mm; DigiKey 5034800600 (2356622), Mouser, Newark; LCSC-Nummer NICHT geprüft"
U1,1,AT42QT2120,VQFN-20-1EP_3x3mm_P0.45mm_EP1.55x1.55mm,Microchip,AT42QT2120-MMH,C617900,ja,"0,85","VQFN-20 3x3 mm, 0,45 mm; Nummer bestätigt, bei LCSC am 2026-10-04 NICHT auf Lager -> Mouser/DigiKey (ca. 5 USD)"
U2,1,DRV2605LDGSR,VSSOP-10_3x3mm_P0.5mm,Texas Instruments,DRV2605LDGSR,C527464,ja,"ca. 1,1",VSSOP-10
C1,1,0.1uF,C_0402_1005Metric,Samsung,CL05B104KO5NNNC,C1525,ja,"0,5","X7R 16 V, 0402"
"C2, C3, C4",3,1uF,C_0402_1005Metric,Samsung,CL05A105KA5NQNC,C52923,ja,"0,5","X5R 6,3 V, 0402"
"R1, R2, R3, R4, R5, R6, R7",7,10k,R_0402_1005Metric,UNI-ROYAL,0402WGF1002TCE,C25744,ja,"0,4","1 %, 0402; am 2026-10-04 auf lcsc.com bestätigt (Tangara: 0603)"
"R8, R9",2,4.7k,R_0402_1005Metric,UNI-ROYAL,0402WGF4701TCE,C25900,DNP (nicht bestücken),"0,4","1 %, 0402, nur DNP-Option"
"TP1, TP2",2,LRA+/LRA-,SolderWirePad_1x01_SMD_1x2mm,,,,Pads (kein Bauteil),0,Lötpads für die LRA-Litzen
SW1-SW3,3,Touch,Klickrad:qtouch-button/-wheel/-guard,,,,Kupferfläche (kein Bauteil),0,"Mitteltaste, Wheel (3 Elektroden), Guard"
(extern),1,"FR4-Abdeckung 0,6 mm",abdeckung/klickrad-abdeckung,,,,"optional, separat bestellen","0,6",Gerber: abdeckung/fertigung
(extern),1,LRA (X-Achse),,,,,"aufkleben, Litzen an TP1/TP2",,nicht Teil der Platine; Typ und Maße siehe TEILE.md und Einkaufsliste
