Ref,Val,Package,PosX,PosY,Rot,Side
"C1","0.1uF","C_0402_1005Metric",3.000000,-1.800000,180.000000,bottom
"C2","0.1uF","C_0402_1005Metric",-2.000000,-3.200000,-90.000000,bottom
"C3","1uF","C_0402_1005Metric",3.000000,-3.200000,180.000000,bottom
"C4","1uF","C_0402_1005Metric",-10.200000,-6.300000,-90.000000,bottom
"C5","1uF","C_0402_1005Metric",-7.200000,-6.600000,180.000000,bottom
"C6","10uF","C_0603_1608Metric",-10.000000,-3.900000,-90.000000,bottom
"J1","SM06B-SRSS-TB","JST_SH_SM06B-SRSS-TB_1x06-1MP_P1.00mm_Horizontal",0.000000,-11.400000,180.000000,bottom
"R1","75k","R_0402_1005Metric",-3.250000,-0.750000,180.000000,bottom
"R2","4.7k","R_0402_1005Metric",1.500000,-7.000000,180.000000,bottom
"R3","4.7k","R_0402_1005Metric",1.200000,-4.600000,180.000000,bottom
"U1","MPR121QR2","QFN-20_3x3mm_P0.4mm_noEP",0.000000,0.000000,90.000000,bottom
"U2","DRV2605LDGSR","MSOP-10_3x3mm_P0.5mm",-8.100000,-8.500000,180.000000,bottom
"SW1","B3U-1000P","SW_SPST_B3U-1000P",0.000000,0.000000,0.000000,top
