Designator,Mid X,Mid Y,Layer,Rotation
C1,2.600000mm,-5.000000mm,Bottom,-90.000000
C2,2.600000mm,-3.740000mm,Bottom,90.000000
C3,10.200000mm,-7.600000mm,Bottom,0.000000
C4,4.500000mm,-6.200000mm,Bottom,-90.000000
J1,0.000000mm,-10.800000mm,Bottom,180.000000
R1,4.800000mm,-1.400000mm,Bottom,0.000000
R2,4.800000mm,-0.200000mm,Bottom,0.000000
R3,2.900000mm,0.000000mm,Bottom,0.000000
R4,1.900000mm,0.950000mm,Bottom,0.000000
R5,-2.600000mm,0.300000mm,Bottom,180.000000
R6,0.450000mm,-4.600000mm,Bottom,90.000000
R7,6.400000mm,-0.800000mm,Bottom,-90.000000
U1,0.000000mm,-1.500000mm,Bottom,-90.000000
U2,8.500000mm,-3.600000mm,Bottom,0.000000
